{
 "ts": "2026-06-12T04:41:12.344Z",
 "matches": {},
 "groups": {
  "Panama": 0.035,
  "Ghana": 0.055,
  "England": 0.695,
  "Croatia": 0.225,
  "Uzbekistan": 0.02,
  "Portugal": 0.615,
  "Colombia": 0.325,
  "DR Congo": 0.035,
  "Jordan": 0.015,
  "Algeria": 0.08499999999999999,
  "Austria": 0.185,
  "Argentina": 0.725,
  "Senegal": 0.10500000000000001,
  "Norway": 0.255,
  "Iraq": 0.005,
  "France": 0.635,
  "Uruguay": 0.185,
  "Saudi Arabia": 0.015,
  "Spain": 0.785,
  "Cape Verde": 0.005,
  "New Zealand": 0.025,
  "Iran": 0.11499999999999999,
  "Egypt": 0.175,
  "Belgium": 0.685,
  "Tunisia": 0.055,
  "Sweden": 0.135,
  "Netherlands": 0.555,
  "Japan": 0.265,
  "Germany": 0.645,
  "Ecuador": 0.225,
  "Curaçao": 0.005,
  "Ivory Coast": 0.135,
  "United States": 0.395,
  "Türkiye": 0.365,
  "Paraguay": 0.175,
  "Australia": 0.095,
  "Scotland": 0.08499999999999999,
  "Morocco": 0.22,
  "Haiti": 0.005,
  "Brazil": 0.705,
  "Switzerland": 0.555,
  "Qatar": 0.015,
  "Canada": 0.325,
  "Bosnia and Herzegovina": 0.125,
  "South Africa": 0.005,
  "Mexico": 0.645,
  "South Korea": 0.355,
  "Czechia": 0.025
 },
 "champ": {
  "Iraq": 0.005,
  "DR Congo": 0.005,
  "Bosnia and Herzegovina": 0.005,
  "Czechia": 0.005,
  "Panama": 0.0005,
  "Haiti": 0.0005,
  "Curaçao": 0.0005,
  "Ivory Coast": 0.0035,
  "Qatar": 0.0005,
  "South Africa": 0.0005,
  "Cape Verde": 0.0005,
  "Algeria": 0.0015,
  "Egypt": 0.0015,
  "Jordan": 0.0005,
  "Uzbekistan": 0.0005,
  "New Zealand": 0.0005,
  "Tunisia": 0.0005,
  "Saudi Arabia": 0.0005,
  "Iran": 0.0015,
  "Türkiye": 0.0095,
  "Scotland": 0.0015,
  "Paraguay": 0.0015,
  "South Korea": 0.0045000000000000005,
  "Ghana": 0.0015,
  "Australia": 0.0015,
  "Senegal": 0.006500000000000001,
  "Sweden": 0.0035,
  "Norway": 0.0245,
  "Mexico": 0.022,
  "Morocco": 0.0155,
  "Japan": 0.0165,
  "Ecuador": 0.0085,
  "Colombia": 0.0185,
  "Switzerland": 0.0095,
  "Canada": 0.0025,
  "Austria": 0.0025,
  "Uruguay": 0.0095,
  "United States": 0.0175,
  "Portugal": 0.1115,
  "Netherlands": 0.0575,
  "Croatia": 0.0075,
  "England": 0.1075,
  "Germany": 0.0555,
  "Brazil": 0.0875,
  "Belgium": 0.0225,
  "Argentina": 0.0885,
  "France": 0.17149999999999999,
  "Spain": 0.1765
 }
}